PassengerId,Survived,Pclass,Sex,Age,SibSp,Parch,Fare,Embarked
0,1,0,3,0,22.0,1,0,7.25,0
1,2,1,1,1,38.0,1,0,71.2833,1
2,3,1,3,1,26.0,0,0,7.925,0
3,4,1,1,1,35.0,1,0,53.1,0
4,5,0,3,0,35.0,0,0,8.05,0
5,6,0,3,0,47.0,0,0,8.4583,2
6,7,0,1,0,54.0,0,0,51.8625,0
7,8,0,3,0,2.0,3,1,21.075,0
8,9,1,3,1,27.0,0,2,11.1333,0
9,10,1,2,1,14.0,1,0,30.0708,1
10,11,1,3,1,4.0,1,1,16.7,0
11,12,1,1,1,58.0,0,0,26.55,0
12,13,0,3,0,20.0,0,0,8.05,0
13,14,0,3,0,39.0,1,5,31.275,0
14,15,0,3,1,14.0,0,0,7.8542,0
15,16,1,2,1,55.0,0,0,16.0,0
16,17,0,3,0,2.0,4,1,29.125,2
17,18,1,2,0,25.0,0,0,13.0,0
18,19,0,3,1,31.0,1,0,18.0,0
19,20,1,3,1,23.0,0,0,7.225,1
20,21,0,2,0,35.0,0,0,26.0,0
21,22,1,2,0,34.0,0,0,13.0,0
22,23,1,3,1,15.0,0,0,8.0292,2
23,24,1,1,0,28.0,0,0,35.5,0
24,25,0,3,1,8.0,3,1,21.075,0
25,26,1,3,1,38.0,1,5,31.3875,0
26,27,0,3,0,32.0,0,0,7.225,1
27,28,0,1,0,19.0,3,2,263.0,0
28,29,1,3,1,21.0,0,0,7.8792,2
29,30,0,3,0,33.0,0,0,7.8958,0
30,31,0,1,0,40.0,0,0,27.7208,1
31,32,1,1,1,21.0,1,0,146.5208,1
32,33,1,3,1,21.0,0,0,7.75,2
33,34,0,2,0,66.0,0,0,10.5,0
34,35,0,1,0,28.0,1,0,82.1708,1
35,36,0,1,0,42.0,1,0,52.0,0
36,37,1,3,0,24.0,0,0,7.2292,1
37,38,0,3,0,21.0,0,0,8.05,0
38,39,0,3,1,18.0,2,0,18.0,0
39,40,1,3,1,14.0,1,0,11.2417,1
40,41,0,3,1,40.0,1,0,9.475,0
41,42,0,2,1,27.0,1,0,21.0,0
42,43,0,3,0,27.0,0,0,7.8958,1
43,44,1,2,1,3.0,1,2,41.5792,1
44,45,1,3,1,19.0,0,0,7.8792,2
45,46,0,3,0,27.0,0,0,8.05,0
46,47,0,3,0,29.0,1,0,15.5,2
47,48,1,3,1,21.0,0,0,7.75,2
48,49,0,3,0,26.0,2,0,21.6792,1
49,50,0,3,1,18.0,1,0,17.8,0
50,51,0,3,0,7.0,4,1,39.6875,0
51,52,0,3,0,21.0,0,0,7.8,0
52,53,1,1,1,49.0,1,0,76.7292,1
53,54,1,2,1,29.0,1,0,26.0,0
54,55,0,1,0,65.0,0,1,61.9792,1
55,56,1,1,0,49.0,0,0,35.5,0
56,57,1,2,1,21.0,0,0,10.5,0
57,58,0,3,0,28.5,0,0,7.2292,1
58,59,1,2,1,5.0,1,2,27.75,0
59,60,0,3,0,11.0,5,2,46.9,0
60,61,0,3,0,22.0,0,0,7.2292,1
62,63,0,1,0,45.0,1,0,83.475,0
63,64,0,3,0,4.0,3,2,27.9,0
64,65,0,1,0,38.0,0,0,27.7208,1
65,66,1,3,0,16.0,1,1,15.2458,1
66,67,1,2,1,29.0,0,0,10.5,0
67,68,0,3,0,19.0,0,0,8.1583,0
68,69,1,3,1,17.0,4,2,7.925,0
69,70,0,3,0,26.0,2,0,8.6625,0
70,71,0,2,0,32.0,0,0,10.5,0
71,72,0,3,1,16.0,5,2,46.9,0
72,73,0,2,0,21.0,0,0,73.5,0
73,74,0,3,0,26.0,1,0,14.4542,1
74,75,1,3,0,32.0,0,0,56.4958,0
75,76,0,3,0,25.0,0,0,7.65,0
76,77,0,3,0,33.0,0,0,7.8958,0
77,78,0,3,0,27.0,0,0,8.05,0
78,79,1,2,0,0.83,0,2,29.0,0
79,80,1,3,1,30.0,0,0,12.475,0
80,81,0,3,0,22.0,0,0,9.0,0
81,82,1,3,0,29.0,0,0,9.5,0
82,83,1,3,1,21.0,0,0,7.7875,2
83,84,0,1,0,28.0,0,0,47.1,0
84,85,1,2,1,17.0,0,0,10.5,0
85,86,1,3,1,33.0,3,0,15.85,0
86,87,0,3,0,16.0,1,3,34.375,0
87,88,0,3,0,27.0,0,0,8.05,0
88,89,1,1,1,23.0,3,2,263.0,0
89,90,0,3,0,24.0,0,0,8.05,0
90,91,0,3,0,29.0,0,0,8.05,0
91,92,0,3,0,20.0,0,0,7.8542,0
92,93,0,1,0,46.0,1,0,61.175,0
93,94,0,3,0,26.0,1,2,20.575,0
94,95,0,3,0,59.0,0,0,7.25,0
95,96,0,3,0,27.0,0,0,8.05,0
96,97,0,1,0,71.0,0,0,34.6542,1
97,98,1,1,0,23.0,0,1,63.3583,1
98,99,1,2,1,34.0,0,1,23.0,0
99,100,0,2,0,34.0,1,0,26.0,0
100,101,0,3,1,28.0,0,0,7.8958,0
101,102,0,3,0,33.0,0,0,7.8958,0
102,103,0,1,0,21.0,0,1,77.2875,0
103,104,0,3,0,33.0,0,0,8.6542,0
104,105,0,3,0,37.0,2,0,7.925,0
105,106,0,3,0,28.0,0,0,7.8958,0
106,107,1,3,1,21.0,0,0,7.65,0
107,108,1,3,0,34.0,0,0,7.775,0
108,109,0,3,0,38.0,0,0,7.8958,0
109,110,1,3,1,32.0,1,0,24.15,2
110,111,0,1,0,47.0,0,0,52.0,0
111,112,0,3,1,14.5,1,0,14.4542,1
112,113,0,3,0,22.0,0,0,8.05,0
113,114,0,3,1,20.0,1,0,9.825,0
114,115,0,3,1,17.0,0,0,14.4583,1
115,116,0,3,0,21.0,0,0,7.925,0
116,117,0,3,0,70.5,0,0,7.75,2
117,118,0,2,0,29.0,1,0,21.0,0
118,119,0,1,0,24.0,0,1,247.5208,1
119,120,0,3,1,2.0,4,2,31.275,0
120,121,0,2,0,21.0,2,0,73.5,0
121,122,0,3,0,27.0,0,0,8.05,0
122,123,0,2,0,32.5,1,0,30.0708,1
123,124,1,2,1,32.5,0,0,13.0,0
124,125,0,1,0,54.0,0,1,77.2875,0
125,126,1,3,0,12.0,1,0,11.2417,1
126,127,0,3,0,47.0,0,0,7.75,2
127,128,1,3,0,24.0,0,0,7.1417,0
128,129,1,3,1,17.0,1,1,22.3583,1
129,130,0,3,0,45.0,0,0,6.975,0
130,131,0,3,0,33.0,0,0,7.8958,1
131,132,0,3,0,20.0,0,0,7.05,0
132,133,0,3,1,47.0,1,0,14.5,0
133,134,1,2,1,29.0,1,0,26.0,0
134,135,0,2,0,25.0,0,0,13.0,0
135,136,0,2,0,23.0,0,0,15.0458,1
136,137,1,1,1,19.0,0,2,26.2833,0
137,138,0,1,0,37.0,1,0,53.1,0
138,139,0,3,0,16.0,0,0,9.2167,0
139,140,0,1,0,24.0,0,0,79.2,1
140,141,0,3,1,20.0,0,2,15.2458,1
141,142,1,3,1,22.0,0,0,7.75,0
142,143,1,3,1,24.0,1,0,15.85,0
143,144,0,3,0,19.0,0,0,6.75,2
144,145,0,2,0,18.0,0,0,11.5,0
145,146,0,2,0,19.0,1,1,36.75,0
146,147,1,3,0,27.0,0,0,7.7958,0
147,148,0,3,1,9.0,2,2,34.375,0
148,149,0,2,0,36.5,0,2,26.0,0
149,150,0,2,0,42.0,0,0,13.0,0
150,151,0,2,0,51.0,0,0,12.525,0
151,152,1,1,1,22.0,1,0,66.6,0
152,153,0,3,0,55.5,0,0,8.05,0
153,154,0,3,0,40.5,0,2,14.5,0
154,155,0,3,0,34.0,0,0,7.3125,0
155,156,0,1,0,51.0,0,1,61.3792,1
156,157,1,3,1,16.0,0,0,7.7333,2
157,158,0,3,0,30.0,0,0,8.05,0
158,159,0,3,0,28.0,0,0,8.6625,0
159,160,0,3,0,37.0,8,2,69.55,0
160,161,0,3,0,44.0,0,1,16.1,0
161,162,1,2,1,40.0,0,0,15.75,0
162,163,0,3,0,26.0,0,0,7.775,0
163,164,0,3,0,17.0,0,0,8.6625,0
164,165,0,3,0,1.0,4,1,39.6875,0
165,166,1,3,0,9.0,0,2,20.525,0
166,167,1,1,1,33.0,0,1,55.0,0
167,168,0,3,1,45.0,1,4,27.9,0
168,169,0,1,0,44.0,0,0,25.925,0
169,170,0,3,0,28.0,0,0,56.4958,0
170,171,0,1,0,61.0,0,0,33.5,0
171,172,0,3,0,4.0,4,1,29.125,2
172,173,1,3,1,1.0,1,1,11.1333,0
173,174,0,3,0,21.0,0,0,7.925,0
174,175,0,1,0,56.0,0,0,30.6958,1
175,176,0,3,0,18.0,1,1,7.8542,0
176,177,0,3,0,19.0,3,1,25.4667,0
177,178,0,1,1,50.0,0,0,28.7125,1
178,179,0,2,0,30.0,0,0,13.0,0
179,180,0,3,0,36.0,0,0,0.0,0
180,181,0,3,1,37.0,8,2,69.55,0
181,182,0,2,0,32.0,0,0,15.05,1
182,183,0,3,0,9.0,4,2,31.3875,0
183,184,1,2,0,1.0,2,1,39.0,0
184,185,1,3,1,4.0,0,2,22.025,0
185,186,0,1,0,45.0,0,0,50.0,0
186,187,1,3,1,22.0,1,0,15.5,2
187,188,1,1,0,45.0,0,0,26.55,0
188,189,0,3,0,40.0,1,1,15.5,2
189,190,0,3,0,36.0,0,0,7.8958,0
190,191,1,2,1,32.0,0,0,13.0,0
191,192,0,2,0,19.0,0,0,13.0,0
192,193,1,3,1,19.0,1,0,7.8542,0
193,194,1,2,0,3.0,1,1,26.0,0
194,195,1,1,1,44.0,0,0,27.7208,1
195,196,1,1,1,58.0,0,0,146.5208,1
196,197,0,3,0,47.0,0,0,7.75,2
197,198,0,3,0,42.0,0,1,8.4042,0
198,199,1,3,1,21.0,0,0,7.75,2
199,200,0,2,1,24.0,0,0,13.0,0
200,201,0,3,0,28.0,0,0,9.5,0
201,202,0,3,0,37.0,8,2,69.55,0
202,203,0,3,0,34.0,0,0,6.4958,0
203,204,0,3,0,45.5,0,0,7.225,1
204,205,1,3,0,18.0,0,0,8.05,0
205,206,0,3,1,2.0,0,1,10.4625,0
206,207,0,3,0,32.0,1,0,15.85,0
207,208,1,3,0,26.0,0,0,18.7875,1
208,209,1,3,1,16.0,0,0,7.75,2
209,210,1,1,0,40.0,0,0,31.0,1
210,211,0,3,0,24.0,0,0,7.05,0
211,212,1,2,1,35.0,0,0,21.0,0
212,213,0,3,0,22.0,0,0,7.25,0
213,214,0,2,0,30.0,0,0,13.0,0
214,215,0,3,0,47.0,1,0,7.75,2
215,216,1,1,1,31.0,1,0,113.275,1
216,217,1,3,1,27.0,0,0,7.925,0
217,218,0,2,0,42.0,1,0,27.0,0
218,219,1,1,1,32.0,0,0,76.2917,1
219,220,0,2,0,30.0,0,0,10.5,0
220,221,1,3,0,16.0,0,0,8.05,0
221,222,0,2,0,27.0,0,0,13.0,0
222,223,0,3,0,51.0,0,0,8.05,0
223,224,0,3,0,33.0,0,0,7.8958,0
224,225,1,1,0,38.0,1,0,90.0,0
225,226,0,3,0,22.0,0,0,9.35,0
226,227,1,2,0,19.0,0,0,10.5,0
227,228,0,3,0,20.5,0,0,7.25,0
228,229,0,2,0,18.0,0,0,13.0,0
229,230,0,3,1,24.0,3,1,25.4667,0
230,231,1,1,1,35.0,1,0,83.475,0
231,232,0,3,0,29.0,0,0,7.775,0
232,233,0,2,0,59.0,0,0,13.5,0
233,234,1,3,1,5.0,4,2,31.3875,0
234,235,0,2,0,24.0,0,0,10.5,0
235,236,0,3,1,25.0,0,0,7.55,0
236,237,0,2,0,44.0,1,0,26.0,0
237,238,1,2,1,8.0,0,2,26.25,0
238,239,0,2,0,19.0,0,0,10.5,0
239,240,0,2,0,33.0,0,0,12.275,0
240,241,0,3,1,19.0,1,0,14.4542,1
241,242,1,3,1,22.0,1,0,15.5,2
242,243,0,2,0,29.0,0,0,10.5,0
243,244,0,3,0,22.0,0,0,7.125,0
244,245,0,3,0,30.0,0,0,7.225,1
245,246,0,1,0,44.0,2,0,90.0,2
246,247,0,3,1,25.0,0,0,7.775,0
247,248,1,2,1,24.0,0,2,14.5,0
248,249,1,1,0,37.0,1,1,52.5542,0
249,250,0,2,0,54.0,1,0,26.0,0
250,251,0,3,0,34.0,0,0,7.25,0
251,252,0,3,1,29.0,1,1,10.4625,0
252,253,0,1,0,62.0,0,0,26.55,0
253,254,0,3,0,30.0,1,0,16.1,0
254,255,0,3,1,41.0,0,2,20.2125,0
255,256,1,3,1,29.0,0,2,15.2458,1
256,257,1,1,1,40.0,0,0,79.2,1
257,258,1,1,1,30.0,0,0,86.5,0
258,259,1,1,1,35.0,0,0,512.3292,1
259,260,1,2,1,50.0,0,1,26.0,0
260,261,0,3,0,47.0,0,0,7.75,2
261,262,1,3,0,3.0,4,2,31.3875,0
262,263,0,1,0,52.0,1,1,79.65,0
263,264,0,1,0,40.0,0,0,0.0,0
264,265,0,3,1,21.0,0,0,7.75,2
265,266,0,2,0,36.0,0,0,10.5,0
266,267,0,3,0,16.0,4,1,39.6875,0
267,268,1,3,0,25.0,1,0,7.775,0
268,269,1,1,1,58.0,0,1,153.4625,0
269,270,1,1,1,35.0,0,0,135.6333,0
270,271,0,1,0,48.0,0,0,31.0,0
271,272,1,3,0,25.0,0,0,0.0,0
272,273,1,2,1,41.0,0,1,19.5,0
273,274,0,1,0,37.0,0,1,29.7,1
274,275,1,3,1,21.0,0,0,7.75,2
275,276,1,1,1,63.0,1,0,77.9583,0
276,277,0,3,1,45.0,0,0,7.75,0
277,278,0,2,0,33.0,0,0,0.0,0
278,279,0,3,0,7.0,4,1,29.125,2
279,280,1,3,1,35.0,1,1,20.25,0
280,281,0,3,0,65.0,0,0,7.75,2
281,282,0,3,0,28.0,0,0,7.8542,0
282,283,0,3,0,16.0,0,0,9.5,0
283,284,1,3,0,19.0,0,0,8.05,0
284,285,0,1,0,42.0,0,0,26.0,0
285,286,0,3,0,33.0,0,0,8.6625,1
286,287,1,3,0,30.0,0,0,9.5,0
287,288,0,3,0,22.0,0,0,7.8958,0
288,289,1,2,0,42.0,0,0,13.0,0
289,290,1,3,1,22.0,0,0,7.75,2
290,291,1,1,1,26.0,0,0,78.85,0
291,292,1,1,1,19.0,1,0,91.0792,1
292,293,0,2,0,36.0,0,0,12.875,1
293,294,0,3,1,24.0,0,0,8.85,0
294,295,0,3,0,24.0,0,0,7.8958,0
295,296,0,1,0,38.0,0,0,27.7208,1
296,297,0,3,0,23.5,0,0,7.2292,1
297,298,0,1,1,2.0,1,2,151.55,0
298,299,1,1,0,48.0,0,0,30.5,0
299,300,1,1,1,50.0,0,1,247.5208,1
300,301,1,3,1,21.0,0,0,7.75,2
301,302,1,3,0,29.0,2,0,23.25,2
302,303,0,3,0,19.0,0,0,0.0,0
303,304,1,2,1,32.0,0,0,12.35,2
304,305,0,3,0,27.0,0,0,8.05,0
305,306,1,1,0,0.92,1,2,151.55,0
306,307,1,1,1,28.0,0,0,110.8833,1
307,308,1,1,1,17.0,1,0,108.9,1
308,309,0,2,0,30.0,1,0,24.0,1
309,310,1,1,1,30.0,0,0,56.9292,1
310,311,1,1,1,24.0,0,0,83.1583,1
311,312,1,1,1,18.0,2,2,262.375,1
312,313,0,2,1,26.0,1,1,26.0,0
313,314,0,3,0,28.0,0,0,7.8958,0
314,315,0,2,0,43.0,1,1,26.25,0
315,316,1,3,1,26.0,0,0,7.8542,0
316,317,1,2,1,24.0,1,0,26.0,0
317,318,0,2,0,54.0,0,0,14.0,0
318,319,1,1,1,31.0,0,2,164.8667,0
319,320,1,1,1,40.0,1,1,134.5,1
320,321,0,3,0,22.0,0,0,7.25,0
321,322,0,3,0,27.0,0,0,7.8958,0
322,323,1,2,1,30.0,0,0,12.35,2
323,324,1,2,1,22.0,1,1,29.0,0
324,325,0,3,0,37.0,8,2,69.55,0
325,326,1,1,1,36.0,0,0,135.6333,1
326,327,0,3,0,61.0,0,0,6.2375,0
327,328,1,2,1,36.0,0,0,13.0,0
328,329,1,3,1,31.0,1,1,20.525,0
329,330,1,1,1,16.0,0,1,57.9792,1
330,331,1,3,1,23.0,2,0,23.25,2
331,332,0,1,0,45.5,0,0,28.5,0
332,333,0,1,0,38.0,0,1,153.4625,0
333,334,0,3,0,16.0,2,0,18.0,0
334,335,1,1,1,40.0,1,0,133.65,0
335,336,0,3,0,33.0,0,0,7.8958,0
336,337,0,1,0,29.0,1,0,66.6,0
337,338,1,1,1,41.0,0,0,134.5,1
338,339,1,3,0,45.0,0,0,8.05,0
339,340,0,1,0,45.0,0,0,35.5,0
340,341,1,2,0,2.0,1,1,26.0,0
341,342,1,1,1,24.0,3,2,263.0,0
342,343,0,2,0,28.0,0,0,13.0,0
343,344,0,2,0,25.0,0,0,13.0,0
344,345,0,2,0,36.0,0,0,13.0,0
345,346,1,2,1,24.0,0,0,13.0,0
346,347,1,2,1,40.0,0,0,13.0,0
347,348,1,3,1,26.0,1,0,16.1,0
348,349,1,3,0,3.0,1,1,15.9,0
349,350,0,3,0,42.0,0,0,8.6625,0
350,351,0,3,0,23.0,0,0,9.225,0
351,352,0,1,0,49.0,0,0,35.0,0
352,353,0,3,0,15.0,1,1,7.2292,1
353,354,0,3,0,25.0,1,0,17.8,0
354,355,0,3,0,32.0,0,0,7.225,1
355,356,0,3,0,28.0,0,0,9.5,0
356,357,1,1,1,22.0,0,1,55.0,0
357,358,0,2,1,38.0,0,0,13.0,0
358,359,1,3,1,21.0,0,0,7.8792,2
359,360,1,3,1,21.0,0,0,7.8792,2
360,361,0,3,0,40.0,1,4,27.9,0
361,362,0,2,0,29.0,1,0,27.7208,1
362,363,0,3,1,45.0,0,1,14.4542,1
363,364,0,3,0,35.0,0,0,7.05,0
364,365,0,3,0,29.0,1,0,15.5,2
365,366,0,3,0,30.0,0,0,7.25,0
366,367,1,1,1,60.0,1,0,75.25,1
367,368,1,3,1,22.0,0,0,7.2292,1
368,369,1,3,1,21.0,0,0,7.75,2
369,370,1,1,1,24.0,0,0,69.3,1
370,371,1,1,0,25.0,1,0,55.4417,1
371,372,0,3,0,18.0,1,0,6.4958,0
372,373,0,3,0,19.0,0,0,8.05,0
373,374,0,1,0,22.0,0,0,135.6333,1
374,375,0,3,1,3.0,3,1,21.075,0
375,376,1,1,1,36.0,1,0,82.1708,1
376,377,1,3,1,22.0,0,0,7.25,0
377,378,0,1,0,27.0,0,2,211.5,1
378,379,0,3,0,20.0,0,0,4.0125,1
379,380,0,3,0,19.0,0,0,7.775,0
380,381,1,1,1,42.0,0,0,227.525,1
381,382,1,3,1,1.0,0,2,15.7417,1
382,383,0,3,0,32.0,0,0,7.925,0
383,384,1,1,1,35.0,1,0,52.0,0
384,385,0,3,0,33.0,0,0,7.8958,0
385,386,0,2,0,18.0,0,0,73.5,0
386,387,0,3,0,1.0,5,2,46.9,0
387,388,1,2,1,36.0,0,0,13.0,0
388,389,0,3,0,42.0,0,0,7.7292,2
389,390,1,2,1,17.0,0,0,12.0,1
390,391,1,1,0,36.0,1,2,120.0,0
391,392,1,3,0,21.0,0,0,7.7958,0
392,393,0,3,0,28.0,2,0,7.925,0
393,394,1,1,1,23.0,1,0,113.275,1
394,395,1,3,1,24.0,0,2,16.7,0
395,396,0,3,0,22.0,0,0,7.7958,0
396,397,0,3,1,31.0,0,0,7.8542,0
397,398,0,2,0,46.0,0,0,26.0,0
398,399,0,2,0,23.0,0,0,10.5,0
399,400,1,2,1,28.0,0,0,12.65,0
400,401,1,3,0,39.0,0,0,7.925,0
401,402,0,3,0,26.0,0,0,8.05,0
402,403,0,3,1,21.0,1,0,9.825,0
403,404,0,3,0,28.0,1,0,15.85,0
404,405,0,3,1,20.0,0,0,8.6625,0
405,406,0,2,0,34.0,1,0,21.0,0
406,407,0,3,0,51.0,0,0,7.75,0
407,408,1,2,0,3.0,1,1,18.75,0
408,409,0,3,0,21.0,0,0,7.775,0
409,410,0,3,1,24.0,3,1,25.4667,0
410,411,0,3,0,33.0,0,0,7.8958,0
411,412,0,3,0,40.0,0,0,6.8583,2
412,413,1,1,1,33.0,1,0,90.0,2
413,414,0,2,0,33.0,0,0,0.0,0
414,415,1,3,0,44.0,0,0,7.925,0
415,416,0,3,1,27.0,0,0,8.05,0
416,417,1,2,1,34.0,1,1,32.5,0
417,418,1,2,1,18.0,0,2,13.0,0
418,419,0,2,0,30.0,0,0,13.0,0
419,420,0,3,1,10.0,0,2,24.15,0
420,421,0,3,0,27.0,0,0,7.8958,1
421,422,0,3,0,21.0,0,0,7.7333,2
422,423,0,3,0,29.0,0,0,7.875,0
423,424,0,3,1,28.0,1,1,14.4,0
424,425,0,3,0,18.0,1,1,20.2125,0
425,426,0,3,0,34.0,0,0,7.25,0
426,427,1,2,1,28.0,1,0,26.0,0
427,428,1,2,1,19.0,0,0,26.0,0
428,429,0,3,0,47.0,0,0,7.75,2
429,430,1,3,0,32.0,0,0,8.05,0
430,431,1,1,0,28.0,0,0,26.55,0
431,432,1,3,1,26.0,1,0,16.1,0
432,433,1,2,1,42.0,1,0,26.0,0
433,434,0,3,0,17.0,0,0,7.125,0
434,435,0,1,0,50.0,1,0,55.9,0
435,436,1,1,1,14.0,1,2,120.0,0
436,437,0,3,1,21.0,2,2,34.375,0
437,438,1,2,1,24.0,2,3,18.75,0
438,439,0,1,0,64.0,1,4,263.0,0
439,440,0,2,0,31.0,0,0,10.5,0
440,441,1,2,1,45.0,1,1,26.25,0
441,442,0,3,0,20.0,0,0,9.5,0
442,443,0,3,0,25.0,1,0,7.775,0
443,444,1,2,1,28.0,0,0,13.0,0
444,445,1,3,0,27.0,0,0,8.1125,0
445,446,1,1,0,4.0,0,2,81.8583,0
446,447,1,2,1,13.0,0,1,19.5,0
447,448,1,1,0,34.0,0,0,26.55,0
448,449,1,3,1,5.0,2,1,19.2583,1
449,450,1,1,0,52.0,0,0,30.5,0
450,451,0,2,0,36.0,1,2,27.75,0
451,452,0,3,0,26.0,1,0,19.9667,0
452,453,0,1,0,30.0,0,0,27.75,1
453,454,1,1,0,49.0,1,0,89.1042,1
454,455,0,3,0,27.0,0,0,8.05,0
455,456,1,3,0,29.0,0,0,7.8958,1
456,457,0,1,0,65.0,0,0,26.55,0
457,458,1,1,1,41.0,1,0,51.8625,0
458,459,1,2,1,50.0,0,0,10.5,0
459,460,0,3,0,47.0,0,0,7.75,2
460,461,1,1,0,48.0,0,0,26.55,0
461,462,0,3,0,34.0,0,0,8.05,0
462,463,0,1,0,47.0,0,0,38.5,0
463,464,0,2,0,48.0,0,0,13.0,0
464,465,0,3,0,27.0,0,0,8.05,0
465,466,0,3,0,38.0,0,0,7.05,0
466,467,0,2,0,33.0,0,0,0.0,0
467,468,0,1,0,56.0,0,0,26.55,0
468,469,0,3,0,42.0,0,0,7.725,2
469,470,1,3,1,0.75,2,1,19.2583,1
470,471,0,3,0,34.0,0,0,7.25,0
471,472,0,3,0,38.0,0,0,8.6625,0
472,473,1,2,1,33.0,1,2,27.75,0
473,474,1,2,1,23.0,0,0,13.7917,1
474,475,0,3,1,22.0,0,0,9.8375,0
475,476,0,1,0,44.0,0,0,52.0,0
476,477,0,2,0,34.0,1,0,21.0,0
477,478,0,3,0,29.0,1,0,7.0458,0
478,479,0,3,0,22.0,0,0,7.5208,0
479,480,1,3,1,2.0,0,1,12.2875,0
480,481,0,3,0,9.0,5,2,46.9,0
481,482,0,2,0,33.0,0,0,0.0,0
482,483,0,3,0,50.0,0,0,8.05,0
483,484,1,3,1,63.0,0,0,9.5875,0
484,485,1,1,0,25.0,1,0,91.0792,1
485,486,0,3,1,24.0,3,1,25.4667,0
486,487,1,1,1,35.0,1,0,90.0,0
487,488,0,1,0,58.0,0,0,29.7,1
488,489,0,3,0,30.0,0,0,8.05,0
489,490,1,3,0,9.0,1,1,15.9,0
490,491,0,3,0,26.0,1,0,19.9667,0
491,492,0,3,0,21.0,0,0,7.25,0
492,493,0,1,0,55.0,0,0,30.5,0
493,494,0,1,0,71.0,0,0,49.5042,1
494,495,0,3,0,21.0,0,0,8.05,0
495,496,0,3,0,22.0,0,0,14.4583,1
496,497,1,1,1,54.0,1,0,78.2667,1
497,498,0,3,0,30.0,0,0,15.1,0
498,499,0,1,1,25.0,1,2,151.55,0
499,500,0,3,0,24.0,0,0,7.7958,0
500,501,0,3,0,17.0,0,0,8.6625,0
501,502,0,3,1,21.0,0,0,7.75,2
502,503,0,3,1,21.0,0,0,7.6292,2
503,504,0,3,1,37.0,0,0,9.5875,0
504,505,1,1,1,16.0,0,0,86.5,0
505,506,0,1,0,18.0,1,0,108.9,1
506,507,1,2,1,33.0,0,2,26.0,0
507,508,1,1,0,55.0,0,0,26.55,0
508,509,0,3,0,28.0,0,0,22.525,0
509,510,1,3,0,26.0,0,0,56.4958,0
510,511,1,3,0,29.0,0,0,7.75,2
511,512,0,3,0,27.0,0,0,8.05,0
512,513,1,1,0,36.0,0,0,26.2875,0
513,514,1,1,1,54.0,1,0,59.4,1
514,515,0,3,0,24.0,0,0,7.4958,0
515,516,0,1,0,47.0,0,0,34.0208,0
516,517,1,2,1,34.0,0,0,10.5,0
517,518,0,3,0,32.0,0,0,24.15,2
518,519,1,2,1,36.0,1,0,26.0,0
519,520,0,3,0,32.0,0,0,7.8958,0
520,521,1,1,1,30.0,0,0,93.5,0
521,522,0,3,0,22.0,0,0,7.8958,0
522,523,0,3,0,32.0,0,0,7.225,1
523,524,1,1,1,44.0,0,1,57.9792,1
524,525,0,3,0,24.0,0,0,7.2292,1
525,526,0,3,0,40.5,0,0,7.75,2
526,527,1,2,1,50.0,0,0,10.5,0
527,528,0,1,0,30.0,0,0,221.7792,0
528,529,0,3,0,39.0,0,0,7.925,0
529,530,0,2,0,23.0,2,1,11.5,0
530,531,1,2,1,2.0,1,1,26.0,0
531,532,0,3,0,24.0,0,0,7.2292,1
532,533,0,3,0,17.0,1,1,7.2292,1
533,534,1,3,1,14.0,0,2,22.3583,1
534,535,0,3,1,30.0,0,0,8.6625,0
535,536,1,2,1,7.0,0,2,26.25,0
536,537,0,1,0,45.0,0,0,26.55,0
537,538,1,1,1,30.0,0,0,106.425,1
538,539,0,3,0,41.0,0,0,14.5,0
539,540,1,1,1,22.0,0,2,49.5,1
540,541,1,1,1,36.0,0,2,71.0,0
541,542,0,3,1,9.0,4,2,31.275,0
542,543,0,3,1,11.0,4,2,31.275,0
543,544,1,2,0,32.0,1,0,26.0,0
544,545,0,1,0,50.0,1,0,106.425,1
545,546,0,1,0,64.0,0,0,26.0,0
546,547,1,2,1,19.0,1,0,26.0,0
547,548,1,2,0,38.0,0,0,13.8625,1
548,549,0,3,0,33.0,1,1,20.525,0
549,550,1,2,0,8.0,1,1,36.75,0
550,551,1,1,0,17.0,0,2,110.8833,1
551,552,0,2,0,27.0,0,0,26.0,0
552,553,0,3,0,47.0,0,0,7.8292,2
553,554,1,3,0,22.0,0,0,7.225,1
554,555,1,3,1,22.0,0,0,7.775,0
555,556,0,1,0,62.0,0,0,26.55,0
556,557,1,1,1,48.0,1,0,39.6,1
557,558,0,1,0,30.0,0,0,227.525,1
558,559,1,1,1,39.0,1,1,79.65,0
559,560,1,3,1,36.0,1,0,17.4,0
560,561,0,3,0,47.0,0,0,7.75,2
561,562,0,3,0,40.0,0,0,7.8958,0
562,563,0,2,0,28.0,0,0,13.5,0
563,564,0,3,0,27.0,0,0,8.05,0
564,565,0,3,1,27.0,0,0,8.05,0
565,566,0,3,0,24.0,2,0,24.15,0
566,567,0,3,0,19.0,0,0,7.8958,0
567,568,0,3,1,29.0,0,4,21.075,0
568,569,0,3,0,24.0,0,0,7.2292,1
569,570,1,3,0,32.0,0,0,7.8542,0
570,571,1,2,0,62.0,0,0,10.5,0
571,572,1,1,1,53.0,2,0,51.4792,0
572,573,1,1,0,36.0,0,0,26.3875,0
573,574,1,3,1,21.0,0,0,7.75,2
574,575,0,3,0,16.0,0,0,8.05,0
575,576,0,3,0,19.0,0,0,14.5,0
576,577,1,2,1,34.0,0,0,13.0,0
577,578,1,1,1,39.0,1,0,55.9,0
578,579,0,3,1,19.0,1,0,14.4583,1
579,580,1,3,0,32.0,0,0,7.925,0
580,581,1,2,1,25.0,1,1,30.0,0
581,582,1,1,1,39.0,1,1,110.8833,1
582,583,0,2,0,54.0,0,0,26.0,0
583,584,0,1,0,36.0,0,0,40.125,1
584,585,0,3,0,29.0,0,0,8.7125,1
585,586,1,1,1,18.0,0,2,79.65,0
586,587,0,2,0,47.0,0,0,15.0,0
587,588,1,1,0,60.0,1,1,79.2,1
588,589,0,3,0,22.0,0,0,8.05,0
589,590,0,3,0,27.0,0,0,8.05,0
590,591,0,3,0,35.0,0,0,7.125,0
591,592,1,1,1,52.0,1,0,78.2667,1
592,593,0,3,0,47.0,0,0,7.25,0
593,594,0,3,1,17.0,0,2,7.75,2
594,595,0,2,0,37.0,1,0,26.0,0
595,596,0,3,0,36.0,1,1,24.15,0
596,597,1,2,1,38.0,0,0,33.0,0
597,598,0,3,0,49.0,0,0,0.0,0
598,599,0,3,0,32.0,0,0,7.225,1
599,600,1,1,0,49.0,1,0,56.9292,1
600,601,1,2,1,24.0,2,1,27.0,0
601,602,0,3,0,33.0,0,0,7.8958,0
602,603,0,1,0,26.0,0,0,42.4,0
603,604,0,3,0,44.0,0,0,8.05,0
604,605,1,1,0,35.0,0,0,26.55,1
605,606,0,3,0,36.0,1,0,15.55,0
606,607,0,3,0,30.0,0,0,7.8958,0
607,608,1,1,0,27.0,0,0,30.5,0
608,609,1,2,1,22.0,1,2,41.5792,1
609,610,1,1,1,40.0,0,0,153.4625,0
610,611,0,3,1,39.0,1,5,31.275,0
611,612,0,3,0,28.0,0,0,7.05,0
612,613,1,3,1,22.0,1,0,15.5,2
613,614,0,3,0,47.0,0,0,7.75,2
614,615,0,3,0,35.0,0,0,8.05,0
615,616,1,2,1,24.0,1,2,65.0,0
616,617,0,3,0,34.0,1,1,14.4,0
617,618,0,3,1,26.0,1,0,16.1,0
618,619,1,2,1,4.0,2,1,39.0,0
619,620,0,2,0,26.0,0,0,10.5,0
620,621,0,3,0,27.0,1,0,14.4542,1
621,622,1,1,0,42.0,1,0,52.5542,0
622,623,1,3,0,20.0,1,1,15.7417,1
623,624,0,3,0,21.0,0,0,7.8542,0
624,625,0,3,0,21.0,0,0,16.1,0
625,626,0,1,0,61.0,0,0,32.3208,0
626,627,0,2,0,57.0,0,0,12.35,2
627,628,1,1,1,21.0,0,0,77.9583,0
628,629,0,3,0,26.0,0,0,7.8958,0
629,630,0,3,0,42.0,0,0,7.7333,2
630,631,1,1,0,80.0,0,0,30.0,0
631,632,0,3,0,51.0,0,0,7.0542,0
632,633,1,1,0,32.0,0,0,30.5,1
633,634,0,1,0,34.0,0,0,0.0,0
634,635,0,3,1,9.0,3,2,27.9,0
635,636,1,2,1,28.0,0,0,13.0,0
636,637,0,3,0,32.0,0,0,7.925,0
637,638,0,2,0,31.0,1,1,26.25,0
638,639,0,3,1,41.0,0,5,39.6875,0
639,640,0,3,0,30.0,1,0,16.1,0
640,641,0,3,0,20.0,0,0,7.8542,0
641,642,1,1,1,24.0,0,0,69.3,1
642,643,0,3,1,2.0,3,2,27.9,0
643,644,1,3,0,29.0,0,0,56.4958,0
644,645,1,3,1,0.75,2,1,19.2583,1
645,646,1,1,0,48.0,1,0,76.7292,1
646,647,0,3,0,19.0,0,0,7.8958,0
647,648,1,1,0,56.0,0,0,35.5,1
648,649,0,3,0,33.0,0,0,7.55,0
649,650,1,3,1,23.0,0,0,7.55,0
650,651,0,3,0,33.0,0,0,7.8958,0
651,652,1,2,1,18.0,0,1,23.0,0
652,653,0,3,0,21.0,0,0,8.4333,0
653,654,1,3,1,21.0,0,0,7.8292,2
654,655,0,3,1,18.0,0,0,6.75,2
655,656,0,2,0,24.0,2,0,73.5,0
656,657,0,3,0,33.0,0,0,7.8958,0
657,658,0,3,1,32.0,1,1,15.5,2
658,659,0,2,0,23.0,0,0,13.0,0
659,660,0,1,0,58.0,0,2,113.275,1
660,661,1,1,0,50.0,2,0,133.65,0
661,662,0,3,0,40.0,0,0,7.225,1
662,663,0,1,0,47.0,0,0,25.5875,0
663,664,0,3,0,36.0,0,0,7.4958,0
664,665,1,3,0,20.0,1,0,7.925,0
665,666,0,2,0,32.0,2,0,73.5,0
666,667,0,2,0,25.0,0,0,13.0,0
667,668,0,3,0,34.0,0,0,7.775,0
668,669,0,3,0,43.0,0,0,8.05,0
669,670,1,1,1,37.0,1,0,52.0,0
670,671,1,2,1,40.0,1,1,39.0,0
671,672,0,1,0,31.0,1,0,52.0,0
672,673,0,2,0,70.0,0,0,10.5,0
673,674,1,2,0,31.0,0,0,13.0,0
674,675,0,2,0,33.0,0,0,0.0,0
675,676,0,3,0,18.0,0,0,7.775,0
676,677,0,3,0,24.5,0,0,8.05,0
677,678,1,3,1,18.0,0,0,9.8417,0
678,679,0,3,1,43.0,1,6,46.9,0
679,680,1,1,0,36.0,0,1,512.3292,1
680,681,0,3,1,18.0,0,0,8.1375,2
681,682,1,1,0,27.0,0,0,76.7292,1
682,683,0,3,0,20.0,0,0,9.225,0
683,684,0,3,0,14.0,5,2,46.9,0
684,685,0,2,0,60.0,1,1,39.0,0
685,686,0,2,0,25.0,1,2,41.5792,1
686,687,0,3,0,14.0,4,1,39.6875,0
687,688,0,3,0,19.0,0,0,10.1708,0
688,689,0,3,0,18.0,0,0,7.7958,0
689,690,1,1,1,15.0,0,1,211.3375,0
690,691,1,1,0,31.0,1,0,57.0,0
691,692,1,3,1,4.0,0,1,13.4167,1
692,693,1,3,0,29.0,0,0,56.4958,0
693,694,0,3,0,25.0,0,0,7.225,1
694,695,0,1,0,60.0,0,0,26.55,0
695,696,0,2,0,52.0,0,0,13.5,0
696,697,0,3,0,44.0,0,0,8.05,0
697,698,1,3,1,21.0,0,0,7.7333,2
698,699,0,1,0,49.0,1,1,110.8833,1
699,700,0,3,0,42.0,0,0,7.65,0
700,701,1,1,1,18.0,1,0,227.525,1
701,702,1,1,0,35.0,0,0,26.2875,0
702,703,0,3,1,18.0,0,1,14.4542,1
703,704,0,3,0,25.0,0,0,7.7417,2
704,705,0,3,0,26.0,1,0,7.8542,0
705,706,0,2,0,39.0,0,0,26.0,0
706,707,1,2,1,45.0,0,0,13.5,0
707,708,1,1,0,42.0,0,0,26.2875,0
708,709,1,1,1,22.0,0,0,151.55,0
709,710,1,3,0,16.0,1,1,15.2458,1
710,711,1,1,1,24.0,0,0,49.5042,1
711,712,0,1,0,55.0,0,0,26.55,0
712,713,1,1,0,48.0,1,0,52.0,0
713,714,0,3,0,29.0,0,0,9.4833,0
714,715,0,2,0,52.0,0,0,13.0,0
715,716,0,3,0,19.0,0,0,7.65,0
716,717,1,1,1,38.0,0,0,227.525,1
717,718,1,2,1,27.0,0,0,10.5,0
718,719,0,3,0,26.0,0,0,15.5,2
719,720,0,3,0,33.0,0,0,7.775,0
720,721,1,2,1,6.0,0,1,33.0,0
721,722,0,3,0,17.0,1,0,7.0542,0
722,723,0,2,0,34.0,0,0,13.0,0
723,724,0,2,0,50.0,0,0,13.0,0
724,725,1,1,0,27.0,1,0,53.1,0
725,726,0,3,0,20.0,0,0,8.6625,0
726,727,1,2,1,30.0,3,0,21.0,0
727,728,1,3,1,21.0,0,0,7.7375,2
728,729,0,2,0,25.0,1,0,26.0,0
729,730,0,3,1,25.0,1,0,7.925,0
730,731,1,1,1,29.0,0,0,211.3375,0
731,732,0,3,0,11.0,0,0,18.7875,1
732,733,0,2,0,33.0,0,0,0.0,0
733,734,0,2,0,23.0,0,0,13.0,0
734,735,0,2,0,23.0,0,0,13.0,0
735,736,0,3,0,28.5,0,0,16.1,0
736,737,0,3,1,48.0,1,3,34.375,0
737,738,1,1,0,35.0,0,0,512.3292,1
738,739,0,3,0,33.0,0,0,7.8958,0
739,740,0,3,0,33.0,0,0,7.8958,0
740,741,1,1,0,48.0,0,0,30.0,0
741,742,0,1,0,36.0,1,0,78.85,0
742,743,1,1,1,21.0,2,2,262.375,1
743,744,0,3,0,24.0,1,0,16.1,0
744,745,1,3,0,31.0,0,0,7.925,0
745,746,0,1,0,70.0,1,1,71.0,0
746,747,0,3,0,16.0,1,1,20.25,0
747,748,1,2,1,30.0,0,0,13.0,0
748,749,0,1,0,19.0,1,0,53.1,0
749,750,0,3,0,31.0,0,0,7.75,2
750,751,1,2,1,4.0,1,1,23.0,0
751,752,1,3,0,6.0,0,1,12.475,0
752,753,0,3,0,33.0,0,0,9.5,0
753,754,0,3,0,23.0,0,0,7.8958,0
754,755,1,2,1,48.0,1,2,65.0,0
755,756,1,2,0,0.67,1,1,14.5,0
756,757,0,3,0,28.0,0,0,7.7958,0
757,758,0,2,0,18.0,0,0,11.5,0
758,759,0,3,0,34.0,0,0,8.05,0
759,760,1,1,1,33.0,0,0,86.5,0
760,761,0,3,0,41.0,0,0,14.5,0
761,762,0,3,0,41.0,0,0,7.125,0
762,763,1,3,0,20.0,0,0,7.2292,1
763,764,1,1,1,36.0,1,2,120.0,0
764,765,0,3,0,16.0,0,0,7.775,0
765,766,1,1,1,51.0,1,0,77.9583,0
766,767,0,1,0,41.0,0,0,39.6,1
767,768,0,3,1,30.5,0,0,7.75,2
768,769,0,3,0,31.0,1,0,24.15,2
769,770,0,3,0,32.0,0,0,8.3625,0
770,771,0,3,0,24.0,0,0,9.5,0
771,772,0,3,0,48.0,0,0,7.8542,0
772,773,0,2,1,57.0,0,0,10.5,0
773,774,0,3,0,32.0,0,0,7.225,1
774,775,1,2,1,54.0,1,3,23.0,0
775,776,0,3,0,18.0,0,0,7.75,0
776,777,0,3,0,47.0,0,0,7.75,2
777,778,1,3,1,5.0,0,0,12.475,0
778,779,0,3,0,42.0,0,0,7.7375,2
779,780,1,1,1,43.0,0,1,211.3375,0
780,781,1,3,1,13.0,0,0,7.2292,1
781,782,1,1,1,17.0,1,0,57.0,0
782,783,0,1,0,29.0,0,0,30.0,0
783,784,0,3,0,26.0,1,2,23.45,0
784,785,0,3,0,25.0,0,0,7.05,0
785,786,0,3,0,25.0,0,0,7.25,0
786,787,1,3,1,18.0,0,0,7.4958,0
787,788,0,3,0,8.0,4,1,29.125,2
788,789,1,3,0,1.0,1,2,20.575,0
789,790,0,1,0,46.0,0,0,79.2,1
790,791,0,3,0,47.0,0,0,7.75,2
791,792,0,2,0,16.0,0,0,26.0,0
792,793,0,3,1,37.0,8,2,69.55,0
793,794,0,1,0,42.0,0,0,30.6958,1
794,795,0,3,0,25.0,0,0,7.8958,0
795,796,0,2,0,39.0,0,0,13.0,0
796,797,1,1,1,49.0,0,0,25.9292,0
797,798,1,3,1,31.0,0,0,8.6833,0
798,799,0,3,0,30.0,0,0,7.2292,1
799,800,0,3,1,30.0,1,1,24.15,0
800,801,0,2,0,34.0,0,0,13.0,0
801,802,1,2,1,31.0,1,1,26.25,0
802,803,1,1,0,11.0,1,2,120.0,0
803,804,1,3,0,0.42,0,1,8.5167,1
804,805,1,3,0,27.0,0,0,6.975,0
805,806,0,3,0,31.0,0,0,7.775,0
806,807,0,1,0,39.0,0,0,0.0,0
807,808,0,3,1,18.0,0,0,7.775,0
808,809,0,2,0,39.0,0,0,13.0,0
809,810,1,1,1,33.0,1,0,53.1,0
810,811,0,3,0,26.0,0,0,7.8875,0
811,812,0,3,0,39.0,0,0,24.15,0
812,813,0,2,0,35.0,0,0,10.5,0
813,814,0,3,1,6.0,4,2,31.275,0
814,815,0,3,0,30.5,0,0,8.05,0
815,816,0,1,0,34.0,0,0,0.0,0
816,817,0,3,1,23.0,0,0,7.925,0
817,818,0,2,0,31.0,1,1,37.0042,1
818,819,0,3,0,43.0,0,0,6.45,0
819,820,0,3,0,10.0,3,2,27.9,0
820,821,1,1,1,52.0,1,1,93.5,0
821,822,1,3,0,27.0,0,0,8.6625,0
822,823,0,1,0,38.0,0,0,0.0,0
823,824,1,3,1,27.0,0,1,12.475,0
824,825,0,3,0,2.0,4,1,39.6875,0
825,826,0,3,0,40.0,0,0,6.95,2
826,827,0,3,0,29.0,0,0,56.4958,0
827,828,1,2,0,1.0,0,2,37.0042,1
828,829,1,3,0,47.0,0,0,7.75,2
830,831,1,3,1,15.0,1,0,14.4542,1
831,832,1,2,0,0.83,1,1,18.75,0
832,833,0,3,0,24.0,0,0,7.2292,1
833,834,0,3,0,23.0,0,0,7.8542,0
834,835,0,3,0,18.0,0,0,8.3,0
835,836,1,1,1,39.0,1,1,83.1583,1
836,837,0,3,0,21.0,0,0,8.6625,0
837,838,0,3,0,27.0,0,0,8.05,0
838,839,1,3,0,32.0,0,0,56.4958,0
839,840,1,1,0,41.0,0,0,29.7,1
840,841,0,3,0,20.0,0,0,7.925,0
841,842,0,2,0,16.0,0,0,10.5,0
842,843,1,1,1,30.0,0,0,31.0,1
843,844,0,3,0,34.5,0,0,6.4375,1
844,845,0,3,0,17.0,0,0,8.6625,0
845,846,0,3,0,42.0,0,0,7.55,0
846,847,0,3,0,37.0,8,2,69.55,0
847,848,0,3,0,35.0,0,0,7.8958,1
848,849,0,2,0,28.0,0,1,33.0,0
849,850,1,1,1,39.0,1,0,89.1042,1
850,851,0,3,0,4.0,4,2,31.275,0
851,852,0,3,0,74.0,0,0,7.775,0
852,853,0,3,1,9.0,1,1,15.2458,1
853,854,1,1,1,16.0,0,1,39.4,0
854,855,0,2,1,44.0,1,0,26.0,0
855,856,1,3,1,18.0,0,1,9.35,0
856,857,1,1,1,45.0,1,1,164.8667,0
857,858,1,1,0,51.0,0,0,26.55,0
858,859,1,3,1,24.0,0,3,19.2583,1
859,860,0,3,0,24.0,0,0,7.2292,1
860,861,0,3,0,41.0,2,0,14.1083,0
861,862,0,2,0,21.0,1,0,11.5,0
862,863,1,1,1,48.0,0,0,25.9292,0
863,864,0,3,1,37.0,8,2,69.55,0
864,865,0,2,0,24.0,0,0,13.0,0
865,866,1,2,1,42.0,0,0,13.0,0
866,867,1,2,1,27.0,1,0,13.8583,1
867,868,0,1,0,31.0,0,0,50.4958,0
868,869,0,3,0,23.0,0,0,9.5,0
869,870,1,3,0,4.0,1,1,11.1333,0
870,871,0,3,0,26.0,0,0,7.8958,0
871,872,1,1,1,47.0,1,1,52.5542,0
872,873,0,1,0,33.0,0,0,5.0,0
873,874,0,3,0,47.0,0,0,9.0,0
874,875,1,2,1,28.0,1,0,24.0,1
875,876,1,3,1,15.0,0,0,7.225,1
876,877,0,3,0,20.0,0,0,9.8458,0
877,878,0,3,0,19.0,0,0,7.8958,0
878,879,0,3,0,33.0,0,0,7.8958,0
879,880,1,1,1,56.0,0,1,83.1583,1
880,881,1,2,1,25.0,0,1,26.0,0
881,882,0,3,0,33.0,0,0,7.8958,0
882,883,0,3,1,22.0,0,0,10.5167,0
883,884,0,2,0,28.0,0,0,10.5,0
884,885,0,3,0,25.0,0,0,7.05,0
885,886,0,3,1,39.0,0,5,29.125,2
886,887,0,2,0,27.0,0,0,13.0,0
887,888,1,1,1,19.0,0,0,30.0,0
888,889,0,3,1,26.0,1,2,23.45,0
889,890,1,1,0,26.0,0,0,30.0,1
890,891,0,3,0,32.0,0,0,7.75,2
